,Movie_Name,Relese_Year,Rating_Score,Meta_Score,Total_Votes,Gross_USA,Movie_Genre,Director_Star
0,Rogue One: A Star Wars Story,2016,7.8,65.0,647163,532177324,"Action, Adventure, Sci-Fi","Director:Gareth Edwards| Stars:Felicity Jones, Diego Luna, Alan Tudyk, Donnie Yen"
1,Finding Dory,2016,7.3,77.0,281518,486295561,"Animation, Adventure, Comedy","Directors:Andrew Stanton, Angus MacLane| Stars:Ellen DeGeneres, Albert Brooks, Ed O'Neill, Kaitlin Olson"
2,Captain America: Civil War,2016,7.8,75.0,796984,408084349,"Action, Sci-Fi","Directors:Anthony Russo, Joe Russo| Stars:Chris Evans, Robert Downey Jr., Scarlett Johansson, Sebastian Stan"
3,The Secret Life of Pets,2016,6.5,61.0,205706,368384330,"Animation, Adventure, Comedy","Director:Chris Renaud| Stars:Louis C.K., Eric Stonestreet, Kevin Hart, Lake Bell"
4,The Jungle Book,2016,7.4,77.0,280618,364001123,"Adventure, Drama, Family","Director:Jon Favreau| Stars:Neel Sethi, Bill Murray, Ben Kingsley, Idris Elba"
5,Deadpool,2016,8.0,65.0,1048914,363070709,"Action, Comedy","Director:Tim Miller| Stars:Ryan Reynolds, Morena Baccarin, T.J. Miller, Ed Skrein"
6,Zootopia,2016,8.0,78.0,506489,341268248,"Animation, Adventure, Comedy","Directors:Byron Howard, Rich Moore, Jared Bush| Stars:Ginnifer Goodwin, Jason Bateman, Idris Elba, Jenny Slate"
7,Batman v Superman: Dawn of Justice,2016,6.4,44.0,705104,330360194,"Action, Adventure, Sci-Fi","Director:Zack Snyder| Stars:Ben Affleck, Henry Cavill, Amy Adams, Jesse Eisenberg"
8,Suicide Squad,2016,5.9,40.0,692018,325100054,"Action, Adventure, Fantasy","Director:David Ayer| Stars:Will Smith, Jared Leto, Margot Robbie, Viola Davis"
9,Sing,2016,7.1,59.0,174718,270395425,"Animation, Comedy, Family","Directors:Garth Jennings, Christophe Lourdelet| Stars:Matthew McConaughey, Reese Witherspoon, Seth MacFarlane, Scarlett Johansson"
10,Moana,2016,7.6,81.0,342948,248757044,"Animation, Adventure, Comedy","Directors:Ron Clements, John Musker, Don Hall, Chris Williams| Stars:Auli'i Cravalho, Dwayne Johnson, Rachel House, Temuera Morrison"
11,Fantastic Beasts and Where to Find Them,2016,7.2,66.0,481890,234037575,"Adventure, Family, Fantasy","Director:David Yates| Stars:Eddie Redmayne, Katherine Waterston, Alison Sudol, Dan Fogler"
12,Doctor Strange,2016,7.5,72.0,751871,232641920,"Action, Adventure, Fantasy","Director:Scott Derrickson| Stars:Benedict Cumberbatch, Chiwetel Ejiofor, Rachel McAdams, Benedict Wong"
13,Hidden Figures,2016,7.8,74.0,235137,169607287,"Biography, Drama, History","Director:Theodore Melfi| Stars:Taraji P. Henson, Octavia Spencer, Janelle Monáe, Kevin Costner"
14,Jason Bourne,2016,6.6,58.0,230784,162434410,"Action, Thriller","Director:Paul Greengrass| Stars:Matt Damon, Tommy Lee Jones, Alicia Vikander, Vincent Cassel"
15,Star Trek Beyond,2016,7.0,68.0,249136,158848340,"Action, Adventure, Sci-Fi","Director:Justin Lin| Stars:Chris Pine, Zachary Quinto, Karl Urban, Zoe Saldana"
16,X-Men: Apocalypse,2016,6.9,52.0,440500,155442489,"Action, Adventure, Sci-Fi","Director:Bryan Singer| Stars:James McAvoy, Michael Fassbender, Jennifer Lawrence, Nicholas Hoult"
17,Trolls,2016,6.4,55.0,84256,153707064,"Animation, Adventure, Comedy","Directors:Mike Mitchell, Walt Dohrn| Stars:Anna Kendrick, Justin Timberlake, Zooey Deschanel, Christopher Mintz-Plasse"
18,La La Land,2016,8.0,94.0,600298,151101803,"Comedy, Drama, Music","Director:Damien Chazelle| Stars:Ryan Gosling, Emma Stone, Rosemarie DeWitt, J.K. Simmons"
19,Kung Fu Panda 3,2016,7.1,66.0,164596,143528619,"Animation, Action, Adventure","Directors:Alessandro Carloni, Jennifer Yuh Nelson| Stars:Jack Black, Bryan Cranston, Dustin Hoffman, Angelina Jolie"
20,Split,IX) (2016,7.3,62.0,507946,138291365,"Horror, Thriller","Director:M. Night Shyamalan| Stars:James McAvoy, Anya Taylor-Joy, Haley Lu Richardson, Jessica Sula"
21,Ghostbusters: Answer the Call,2016,6.8,60.0,234780,128344089,"Action, Comedy, Fantasy","Director:Paul Feig| Stars:Melissa McCarthy, Kristen Wiig, Kate McKinnon, Leslie Jones"
22,Central Intelligence,2016,6.3,52.0,195929,127440871,"Action, Comedy, Crime","Director:Rawson Marshall Thurber| Stars:Dwayne Johnson, Kevin Hart, Danielle Nicolet, Amy Ryan"
23,The Legend of Tarzan,2016,6.2,44.0,179518,126643061,"Action, Adventure, Drama","Director:David Yates| Stars:Alexander Skarsgård, Rory J Saper, Christian Stevens, Christoph Waltz"
24,Sully,2016,7.4,74.0,277560,125070033,"Biography, Drama","Director:Clint Eastwood| Stars:Tom Hanks, Aaron Eckhart, Laura Linney, Valerie Mahaffey"
25,Janatha Garage,2016,7.2,,7573,120500000,"Action, Crime, Drama","Director:Koratala Siva| Stars:Mohanlal, N.T. Rama Rao Jr., Samantha Ruth Prabhu, Nithya Menen"
26,Bad Moms,2016,6.2,60.0,128290,113257297,Comedy,"Directors:Jon Lucas, Scott Moore| Stars:Mila Kunis, Kathryn Hahn, Kristen Bell, Christina Applegate"
27,Angry Birds,2016,6.3,43.0,95473,107509366,"Animation, Action, Adventure","Directors:Clay Kaytis, Fergal Reilly| Stars:Jason Sudeikis, Josh Gad, Danny McBride, Maya Rudolph"
28,Independence Day: Resurgence,2016,5.2,32.0,181939,103144286,"Action, Adventure, Sci-Fi","Director:Roland Emmerich| Stars:Liam Hemsworth, Jeff Goldblum, Bill Pullman, Maika Monroe"
29,The Conjuring 2,2016,7.3,65.0,276372,102470008,"Horror, Mystery, Thriller","Director:James Wan| Stars:Vera Farmiga, Patrick Wilson, Madison Wolfe, Frances O'Connor"
30,Arrival,I2016,7.9,81.0,705444,100546139,"Drama, Mystery, Sci-Fi","Director:Denis Villeneuve| Stars:Amy Adams, Jeremy Renner, Forest Whitaker, Michael Stuhlbarg"
31,Passengers,2016,7.0,41.0,413389,100014699,"Drama, Romance, Sci-Fi","Director:Morten Tyldum| Stars:Jennifer Lawrence, Chris Pratt, Michael Sheen, Laurence Fishburne"
32,Sausage Party,2016,6.1,66.0,198265,97685686,"Animation, Adventure, Comedy","Directors:Greg Tiernan, Conrad Vernon| Stars:Seth Rogen, Kristen Wiig, Jonah Hill, Alistair Abell"
33,The Magnificent Seven,2016,6.8,54.0,215210,93432655,"Action, Adventure, Western","Director:Antoine Fuqua| Stars:Denzel Washington, Chris Pratt, Ethan Hawke, Vincent D'Onofrio"
34,Ride Along 2,2016,5.9,32.0,60152,91221830,"Action, Comedy, Crime","Director:Tim Story| Stars:Ice Cube, Kevin Hart, Tika Sumpter, Benjamin Bratt"
35,Don't Breathe,2016,7.1,71.0,280462,89217875,"Crime, Horror, Thriller","Director:Fede Alvarez| Stars:Stephen Lang, Jane Levy, Dylan Minnette, Daniel Zovatto"
36,Miss Peregrine's Home for Peculiar Children,2016,6.7,57.0,177306,87242834,"Adventure, Drama, Family","Director:Tim Burton| Stars:Eva Green, Asa Butterfield, Samuel L. Jackson, Judi Dench"
37,The Accountant,2016,7.3,51.0,300415,86260045,"Action, Thriller","Director:Gavin O'Connor| Stars:Ben Affleck, Anna Kendrick, J.K. Simmons, Jon Bernthal"
38,Teenage Mutant Ninja Turtles: Out of the Shadows,2016,5.9,40.0,94919,82051601,"Action, Adventure, Comedy","Director:Dave Green| Stars:Megan Fox, Will Arnett, Tyler Perry, Laura Linney"
39,The Purge: Election Year,2016,6.0,55.0,103632,79213375,"Action, Horror, Sci-Fi","Director:James DeMonaco| Stars:Frank Grillo, Elizabeth Mitchell, Mykelti Williamson, Joseph Julian Soria"
40,Alice Through the Looking Glass,2016,6.2,34.0,112305,77042381,"Adventure, Family, Fantasy","Director:James Bobin| Stars:Mia Wasikowska, Johnny Depp, Helena Bonham Carter, Anne Hathaway"
41,Pete's Dragon,2016,6.7,71.0,59421,76233151,"Action, Adventure, Comedy","Director:David Lowery| Stars:Bryce Dallas Howard, Robert Redford, Oakes Fegley, Oona Laurence"
42,The Girl on the Train,2016,6.5,48.0,190301,75395035,"Crime, Drama, Mystery","Director:Tate Taylor| Stars:Emily Blunt, Haley Bennett, Rebecca Ferguson, Justin Theroux"
43,Boo! A Madea Halloween,2016,4.6,30.0,8850,73206343,"Comedy, Drama, Horror","Director:Tyler Perry| Stars:Tyler Perry, Cassi Davis, Patrice Lovely, Yousef Erakat"
44,Storks,2016,6.8,56.0,63824,72679278,"Animation, Adventure, Comedy","Directors:Nicholas Stoller, Doug Sweetland| Stars:Andy Samberg, Katie Crown, Kelsey Grammer, Jennifer Aniston"
45,10 Cloverfield Lane,2016,7.2,76.0,334302,72082998,"Drama, Horror, Mystery","Director:Dan Trachtenberg| Stars:John Goodman, Mary Elizabeth Winstead, John Gallagher Jr., Douglas M. Griffin"
46,Lights Out,I2016,6.3,58.0,132800,67268835,"Horror, Mystery","Director:David F. Sandberg| Stars:Teresa Palmer, Gabriel Bateman, Maria Bello, Billy Burke"
47,Hacksaw Ridge,2016,8.1,71.0,535642,67209615,"Biography, Drama, History","Director:Mel Gibson| Stars:Andrew Garfield, Sam Worthington, Luke Bracey, Teresa Palmer"
48,Allegiant,2016,5.7,33.0,125312,66184051,"Action, Adventure, Mystery","Director:Robert Schwentke| Stars:Shailene Woodley, Theo James, Jeff Daniels, Naomi Watts"
49,Now You See Me 2,2016,6.4,46.0,296624,65075540,"Action, Adventure, Comedy","Director:Jon M. Chu| Stars:Jesse Eisenberg, Mark Ruffalo, Woody Harrelson, Dave Franco"
50,Ice Age: Collision Course,2016,5.6,34.0,68865,64063008,"Animation, Adventure, Comedy","Directors:Michael Thurmeier, Galen T. Chu| Stars:Ray Romano, Denis Leary, John Leguizamo, Chris Wedge"
51,The Boss,2016,5.4,40.0,47072,63285885,Comedy,"Director:Ben Falcone| Stars:Melissa McCarthy, Kristen Bell, Peter Dinklage, Ella Anderson"
52,London Has Fallen,2016,5.9,28.0,161608,62678608,"Action, Thriller","Director:Babak Najafi| Stars:Gerard Butler, Aaron Eckhart, Morgan Freeman, Angela Bassett"
53,Miracles from Heaven,2016,7.1,44.0,26413,61705123,"Biography, Drama, Family","Director:Patricia Riggen| Stars:Jennifer Garner, Kylie Rogers, Martin Henderson, Brighton Sharbino"
54,Deepwater Horizon,2016,7.1,68.0,172111,61433527,"Action, Drama, History","Director:Peter Berg| Stars:Mark Wahlberg, Kurt Russell, Douglas M. Griffin, James DuMont"
55,Why Him?,2016,6.2,39.0,116401,60323786,Comedy,"Director:John Hamburg| Stars:Zoey Deutch, James Franco, Tangie Ambrose, Cedric the Entertainer"
56,My Big Fat Greek Wedding 2,2016,6.0,37.0,31764,59689605,"Comedy, Romance","Director:Kirk Jones| Stars:Nia Vardalos, John Corbett, Michael Constantine, Lainie Kazan"
57,Jack Reacher: Never Go Back,2016,6.1,47.0,162577,58697076,"Action, Crime, Drama","Director:Edward Zwick| Stars:Tom Cruise, Cobie Smulders, Aldis Hodge, Robert Knepper"
58,Fences,2016,7.2,79.0,110671,57682904,Drama,"Director:Denzel Washington| Stars:Denzel Washington, Viola Davis, Stephen McKinley Henderson, Jovan Adepo"
59,Me Before You,2016,7.4,51.0,260150,56245075,"Drama, Romance","Director:Thea Sharrock| Stars:Emilia Clarke, Sam Claflin, Janet McTeer, Charles Dance"
60,The BFG,2016,6.3,66.0,88081,55483770,"Adventure, Family, Fantasy","Director:Steven Spielberg| Stars:Mark Rylance, Ruby Barnhill, Penelope Wilton, Jemaine Clement"
61,Neighbors 2: Sorority Rising,2016,5.7,58.0,125201,55455765,Comedy,"Director:Nicholas Stoller| Stars:Seth Rogen, Rose Byrne, Zac Efron, Chloë Grace Moretz"
62,The Shallows,2016,6.3,59.0,135855,55124043,"Action, Drama, Horror","Director:Jaume Collet-Serra| Stars:Blake Lively, Óscar Jaenada, Angelo Josue Lozano Corzo, Joseph Salas"
63,Office Christmas Party,2016,5.9,42.0,83185,54767494,Comedy,"Directors:Josh Gordon, Will Speck| Stars:Jason Bateman, Olivia Munn, T.J. Miller, Jennifer Aniston"
64,Assassin's Creed,2016,5.6,36.0,201422,54647948,"Action, Adventure, Sci-Fi","Director:Justin Kurzel| Stars:Michael Fassbender, Marion Cotillard, Jeremy Irons, Brendan Gleeson"
65,Barbershop: The Next Cut,2016,5.9,67.0,15521,54030051,"Comedy, Drama","Director:Malcolm D. Lee| Stars:Ice Cube, Regina Hall, Anthony Anderson, Eve"
66,13 Hours,2016,7.3,48.0,147096,52853219,"Action, Drama, History","Director:Michael Bay| Stars:John Krasinski, Pablo Schreiber, James Badge Dale, David Denman"
67,Lion,2016,8.0,69.0,239744,51739495,"Biography, Drama","Director:Garth Davis| Stars:Dev Patel, Nicole Kidman, Rooney Mara, Sunny Pawar"
68,The Huntsman: Winter's War,2016,6.1,35.0,112650,48390190,"Action, Adventure, Drama","Director:Cedric Nicolas-Troyan| Stars:Chris Hemsworth, Jessica Chastain, Charlize Theron, Emily Blunt"
69,Kubo and the Two Strings,2016,7.7,84.0,131502,48023088,"Animation, Action, Adventure","Director:Travis Knight| Stars:Charlize Theron, Art Parkinson, Matthew McConaughey, Ralph Fiennes"
70,Manchester by the Sea,2016,7.8,96.0,288161,47695371,Drama,"Director:Kenneth Lonergan| Stars:Casey Affleck, Michelle Williams, Kyle Chandler, Lucas Hedges"
71,Warcraft,2016,6.7,32.0,267387,47365290,"Action, Adventure, Fantasy","Director:Duncan Jones| Stars:Travis Fimmel, Paula Patton, Ben Foster, Dominic Cooper"
72,How to Be Single,2016,6.1,51.0,90060,46843513,"Comedy, Drama, Romance","Director:Christian Ditter| Stars:Dakota Johnson, Rebel Wilson, Leslie Mann, Alison Brie"
73,Mike and Dave Need Wedding Dates,2016,6.0,51.0,91013,46009673,"Comedy, Romance","Director:Jake Szymanski| Stars:Zac Efron, Adam Devine, Anna Kendrick, Aubrey Plaza"
74,The Great Wall,2016,5.9,42.0,138802,45540830,"Action, Adventure, Fantasy","Director:Yimou Zhang| Stars:Matt Damon, Tian Jing, Willem Dafoe, Andy Lau"
75,War Dogs,2016,7.1,57.0,225859,43034523,"Biography, Comedy, Crime","Director:Todd Phillips| Stars:Jonah Hill, Miles Teller, Steve Lantz, Gregg Weiner"
76,Almost Christmas,2016,6.1,55.0,7277,41715860,"Comedy, Drama, Romance","Director:David E. Talbert| Stars:Kimberly Elise, Omar Epps, Danny Glover, Mo'Nique"
77,Money Monster,2016,6.5,55.0,101565,41012075,"Crime, Drama, Mystery","Director:Jodie Foster| Stars:George Clooney, Julia Roberts, Jack O'Connell, Dominic West"
78,Allied,2016,7.1,60.0,160259,40098064,"Action, Drama, Romance","Director:Robert Zemeckis| Stars:Brad Pitt, Marion Cotillard, Jared Harris, Vincent Ebrahim"
79,Nerve,2016,6.5,58.0,133131,38583626,"Action, Adventure, Crime","Directors:Henry Joost, Ariel Schulman| Stars:Emma Roberts, Dave Franco, Emily Meade, Miles Heizer"
80,Risen,2016,6.3,51.0,28889,36874745,"Action, Drama, History","Director:Kevin Reynolds| Stars:Joseph Fiennes, Tom Felton, Peter Firth, Cliff Curtis"
81,The Nice Guys,2016,7.3,70.0,335160,36261763,"Action, Comedy, Crime","Director:Shane Black| Stars:Russell Crowe, Ryan Gosling, Angourie Rice, Matt Bomer"
82,The Boy,2016,6.0,42.0,95091,35819556,"Horror, Mystery, Thriller","Director:William Brent Bell| Stars:Lauren Cohan, Rupert Evans, James Russell, Jim Norton"
83,Dirty Grandpa,2016,5.9,21.0,126313,35593113,Comedy,"Director:Dan Mazer| Stars:Robert De Niro, Zac Efron, Zoey Deutch, Aubrey Plaza"
84,Ouija: Origin of Evil,2016,6.2,65.0,67097,35144505,"Drama, Horror, Mystery","Director:Mike Flanagan| Stars:Elizabeth Reaser, Lulu Wilson, Annalise Basso, Henry Thomas"
85,The 5th Wave,2016,5.2,33.0,111732,34916787,"Action, Adventure, Sci-Fi","Director:J Blakeson| Stars:Chloë Grace Moretz, Matthew Zuk, Gabriela Lopez, Bailey Anne Borders"
86,Inferno,2016,6.2,42.0,179372,34343574,"Action, Adventure, Crime","Director:Ron Howard| Stars:Tom Hanks, Felicity Jones, Irrfan Khan, Ben Foster"
87,Monster Trucks,2016,5.6,41.0,17711,33370166,"Action, Adventure, Comedy","Director:Chris Wedge| Stars:Lucas Till, Jane Levy, Thomas Lennon, Barry Pepper"
88,Mother's Day,2016,5.6,18.0,37863,32463917,"Comedy, Drama, Romance","Director:Garry Marshall| Stars:Jennifer Aniston, Kate Hudson, Julia Roberts, Jason Sudeikis"
89,Patriots Day,2016,7.3,69.0,105211,31886361,"Action, Crime, Drama","Director:Peter Berg| Stars:Mark Wahlberg, Michelle Monaghan, J.K. Simmons, John Goodman"
90,Gods of Egypt,2016,5.4,25.0,119449,31153464,"Action, Adventure, Fantasy","Director:Alex Proyas| Stars:Brenton Thwaites, Nikolaj Coster-Waldau, Gerard Butler, Chadwick Boseman"
91,Collateral Beauty,2016,6.7,23.0,101818,31016021,"Drama, Romance","Director:David Frankel| Stars:Will Smith, Edward Norton, Kate Winslet, Michael Peña"
92,"Hail, Caesar!",2016,6.3,72.0,137310,30498085,"Comedy, Drama, Mystery","Directors:Ethan Coen, Joel Coen| Stars:Josh Brolin, George Clooney, Alden Ehrenreich, Ralph Fiennes"
93,Underworld: Blood Wars,2016,5.7,23.0,77461,30353973,"Action, Adventure, Fantasy","Director:Anna Foerster| Stars:Kate Beckinsale, Theo James, Tobias Menzies, Lara Pulver"
94,When the Bough Breaks,2016,5.2,28.0,7395,29703843,"Drama, Thriller","Director:Jon Cassar| Stars:Morris Chestnut, Regina Hall, Romany Malco, Michael Kenneth Williams"
95,Zoolander 2,2016,4.7,34.0,72023,28848693,"Action, Adventure, Comedy","Director:Ben Stiller| Stars:Ben Stiller, Owen Wilson, Penélope Cruz, Will Ferrell"
96,Moonlight,2016,7.4,99.0,313006,27854932,Drama,"Director:Barry Jenkins| Stars:Mahershala Ali, Naomie Harris, Trevante Rhodes, Alex R. Hibbert"
97,The Finest Hours,2016,6.7,58.0,67940,27569558,"Action, Drama, History","Director:Craig Gillespie| Stars:Chris Pine, Casey Affleck, Ben Foster, Eric Bana"
98,Florence Foster Jenkins,2016,6.8,71.0,57199,27383770,"Biography, Comedy, Drama","Director:Stephen Frears| Stars:Meryl Streep, Hugh Grant, Simon Helberg, Rebecca Ferguson"
99,Hell or High Water,I2016,7.6,88.0,235400,26862450,"Crime, Drama, Thriller","Director:David Mackenzie| Stars:Chris Pine, Ben Foster, Jeff Bridges, Gil Birmingham"
100,Resident Evil: The Final Chapter,2016,5.5,49.0,96062,26830068,"Action, Horror, Sci-Fi","Director:Paul W.S. Anderson| Stars:Milla Jovovich, Iain Glen, Ali Larter, Shawn Roberts"
101,The Forest,2016,4.8,34.0,43854,26583369,"Horror, Mystery, Thriller","Director:Jason Zada| Stars:Natalie Dormer, Eoin Macken, Stephanie Vogt, Osamu Tanpopo"
102,Ben-Hur,2016,5.7,38.0,44964,26410477,"Action, Drama, Romance","Director:Timur Bekmambetov| Stars:Jack Huston, Toby Kebbell, Rodrigo Santoro, Nazanin Boniadi"
103,Leap!,2016,6.7,48.0,22944,24702560,"Animation, Adventure, Comedy","Directors:Eric Summer, Éric Warin| Stars:Elle Fanning, Dane DeHaan, Carly Rae Jepsen, Maddie Ziegler"
104,Bridget Jones's Baby,2016,6.5,59.0,77452,24252420,"Comedy, Drama, Romance","Director:Sharon Maguire| Stars:Renée Zellweger, Gemma Jones, Jim Broadbent, Sally Phillips"
105,Whiskey Tango Foxtrot,2016,6.6,57.0,53666,23049575,"Biography, Comedy, Drama","Directors:Glenn Ficarra, John Requa| Stars:Tina Fey, Margot Robbie, Martin Freeman, Alfred Molina"
106,Snowden,2016,7.3,58.0,154754,21587519,"Biography, Crime, Drama","Director:Oliver Stone| Stars:Joseph Gordon-Levitt, Shailene Woodley, Melissa Leo, Zachary Quinto"
107,Mechanic: Resurrection,2016,5.7,38.0,87007,21218403,"Action, Adventure, Crime","Director:Dennis Gansel| Stars:Jason Statham, Jessica Alba, Tommy Lee Jones, Michelle Yeoh"
108,Blair Witch,2016,5.0,47.0,47151,20777061,"Horror, Mystery, Thriller","Director:Adam Wingard| Stars:James Allen McCune, Callie Hernandez, Corbin Reid, Brandon Scott"
109,God's Not Dead 2,2016,4.3,22.0,12831,20773070,Drama,"Director:Harold Cronk| Stars:Melissa Joan Hart, Jesse Metcalfe, David A.R. White, Hayley Orrantia"
110,Free State of Jones,2016,6.9,53.0,59089,20758378,"Action, Biography, Drama","Director:Gary Ross| Stars:Matthew McConaughey, Gugu Mbatha-Raw, Mahershala Ali, Keri Russell"
111,Keanu,2016,6.2,63.0,49820,20566327,"Action, Comedy, Crime","Director:Peter Atencio| Stars:Keegan-Michael Key, Jordan Peele, Tiffany Haddish, Method Man"
112,Middle School: The Worst Years of My Life,2016,6.1,51.0,9385,19985196,"Animation, Comedy, Family","Director:Steve Carr| Stars:Griffin Gluck, Lauren Graham, Alexa Nisenson, Andy Daly"
113,Nine Lives,2016,5.3,11.0,23306,19637449,"Comedy, Drama, Family","Director:Barry Sonnenfeld| Stars:Kevin Spacey, Jennifer Garner, Robbie Amell, Cheryl Hines"
114,Race,2016,7.1,56.0,38475,19097994,"Biography, Drama, Sport","Director:Stephen Hopkins| Stars:Stephan James, Jason Sudeikis, Eli Goree, Shanice Banton"
115,The Choice,2016,6.5,26.0,41892,18709066,"Drama, Romance","Director:Ross Katz| Stars:Benjamin Walker, Teresa Palmer, Alexandra Daddario, Maggie Grace"
116,Bad Santa 2,2016,5.6,38.0,26878,17782178,"Comedy, Crime, Drama","Director:Mark Waters| Stars:Billy Bob Thornton, Kathy Bates, Tony Cox, Christina Hendricks"
117,Norm of the North,2016,3.4,21.0,9594,17017118,"Animation, Adventure, Comedy","Director:Trevor Wall| Stars:Rob Schneider, Heather Graham, Ken Jeong, Bill Nighy"
118,The Birth of a Nation,2016,6.5,69.0,21353,15858754,"Biography, Drama, History","Director:Nate Parker| Stars:Nate Parker, Armie Hammer, Penelope Ann Miller, Jackie Earle Haley"
119,The Infiltrator,2016,7.0,66.0,75307,15425870,"Biography, Crime, Drama","Director:Brad Furman| Stars:Bryan Cranston, John Leguizamo, Diane Kruger, Amy Ryan"
120,Keeping Up with the Joneses,2016,5.9,34.0,64265,14904426,"Action, Comedy","Director:Greg Mottola| Stars:Zach Galifianakis, Isla Fisher, Jon Hamm, Gal Gadot"
121,The Edge of Seventeen,2016,7.3,77.0,130178,14431633,"Comedy, Drama","Director:Kelly Fremon Craig| Stars:Hailee Steinfeld, Haley Lu Richardson, Blake Jenner, Kyra Sedgwick"
122,Criminal,2016,6.3,36.0,67529,14268533,"Action, Sci-Fi, Thriller","Director:Ariel Vromen| Stars:Kevin Costner, Ryan Reynolds, Gal Gadot, Gary Oldman"
123,Love & Friendship,2016,6.4,87.0,25452,14013564,"Comedy, Drama, Romance","Director:Whit Stillman| Stars:Kate Beckinsale, Chloë Sevigny, Xavier Samuel, Emma Greenwell"
124,Jackie,V) (2016,6.7,81.0,80809,13958679,"Biography, Drama","Director:Pablo Larraín| Stars:Natalie Portman, Peter Sarsgaard, Greta Gerwig, Billy Crudup"
125,The Cool Kids,2016,6.8,,91,13920018,Thriller,"Directors:Jamall J Robinson, Rock Jacobs| Stars:Marques Anthony, Becktoria, Marisa Belinda, Danielle Krivak"
126,The Founder,2016,7.2,66.0,155192,12786053,"Biography, Drama","Director:John Lee Hancock| Stars:Michael Keaton, Nick Offerman, John Carroll Lynch, Linda Cardellini"
127,Triple 9,2016,6.3,52.0,73653,12626905,"Action, Crime, Thriller","Director:John Hillcoat| Stars:Casey Affleck, Chiwetel Ejiofor, Anthony Mackie, Aaron Paul"
128,The Light Between Oceans,2016,7.2,60.0,57862,12545979,"Drama, Romance","Director:Derek Cianfrance| Stars:Michael Fassbender, Alicia Vikander, Rachel Weisz, Florence Clery"
129,Dangal,2016,8.3,,193941,12391761,"Action, Biography, Drama","Director:Nitesh Tiwari| Stars:Aamir Khan, Sakshi Tanwar, Fatima Sana Shaikh, Sanya Malhotra"
130,Fifty Shades of Black,2016,3.5,28.0,22010,11686940,Comedy,"Director:Michael Tiddes| Stars:Marlon Wayans, Kali Hawk, Fred Willard, Mike Epps"
131,No manches Frida,2016,5.5,,2425,11514388,"Comedy, Romance","Director:Nacho G. Velilla| Stars:Omar Chaparro, Martha Higareda, Mónica Dionne, Rocio Garcia"
132,Dead Awake,2016,4.6,,3414,11108321,"Drama, Horror, Mystery","Director:Phillip Guzman| Stars:Jocelin Donahue, Jesse Bradford, Jesse Borrego, Lori Petty"
133,Café Society,2016,6.6,64.0,78371,11103205,"Comedy, Drama, Romance","Director:Woody Allen| Stars:Jesse Eisenberg, Kristen Stewart, Steve Carell, Blake Lively"
134,Pride and Prejudice and Zombies,2016,5.8,45.0,57754,10907291,"Action, Comedy, Fantasy","Director:Burr Steers| Stars:Lily James, Sam Riley, Jack Huston, Bella Heathcote"
135,The Darkness,2016,4.5,27.0,16512,10732841,"Horror, Thriller","Director:Greg McLean| Stars:Kevin Bacon, Radha Mitchell, David Mazouz, Lucy Fry"
136,Nocturnal Animals,2016,7.5,67.0,284765,10663357,"Drama, Thriller","Director:Tom Ford| Stars:Amy Adams, Jake Gyllenhaal, Michael Shannon, Aaron Taylor-Johnson"
137,Live by Night,2016,6.4,49.0,58060,10378555,"Action, Crime, Drama","Director:Ben Affleck| Stars:Ben Affleck, Elle Fanning, Brendan Gleeson, Chris Messina"
138,The Belko Experiment,2016,6.1,44.0,52856,10164675,"Horror, Thriller","Director:Greg McLean| Stars:John Gallagher Jr., Tony Goldwyn, Adria Arjona, John C. McGinley"
139,The Perfect Match,2016,4.9,41.0,4204,9658370,"Comedy, Romance","Director:Bille Woodruff| Stars:Terrence Jenkins, Cassie Ventura, Paula Patton, Kali Hawk"
140,Rock Dog,2016,5.9,48.0,5610,9404922,"Animation, Adventure, Comedy","Director:Ash Brannon| Stars:Luke Wilson, Eddie Izzard, J.K. Simmons, Lewis Black"
141,Popstar: Never Stop Never Stopping,2016,6.7,68.0,63643,9393835,"Comedy, Drama, Musical","Directors:Akiva Schaffer, Jorma Taccone| Stars:Andy Samberg, Jorma Taccone, Akiva Schaffer, Sarah Silverman"
142,Meet the Blacks,2016,4.8,26.0,36931,9093856,"Comedy, Horror","Director:Deon Taylor| Stars:Mike Epps, Zulay Henao, Alex Henderson, Bresha Webb"
143,Brave New Jersey,2016,5.3,45.0,590,8918944,"Comedy, History","Director:Jody Lambert| Stars:Anna Camp, Tony Hale, Heather Burns, Evan Jonigkeit"
144,Queen of Katwe,2016,7.4,73.0,17780,8805918,"Biography, Drama, Sport","Director:Mira Nair| Stars:Madina Nalwanga, David Oyelowo, Lupita Nyong'o, Martin Kabanza"
145,Adam Green's Aladdin,2016,6.4,,254,8600000,"Adventure, Comedy, Drama","Director:Adam Green| Stars:Jon Wiley, Michael Cummings, Yasmin Green, Toby Goodshank"
146,The Lost City of Z,2016,6.6,78.0,93385,8580410,"Adventure, Biography, Drama","Director:James Gray| Stars:Charlie Hunnam, Robert Pattinson, Sienna Miller, Tom Holland"
147,Ratchet & Clank,2016,5.5,29.0,11255,8549740,"Animation, Action, Adventure","Directors:Kevin Munroe, Jericca Cleland| Stars:James Arnold Taylor, David Kaye, Jim Ward, Sylvester Stallone"
148,A Cure for Wellness,2016,6.4,47.0,101720,8106986,"Drama, Fantasy, Horror","Director:Gore Verbinski| Stars:Dane DeHaan, Jason Isaacs, Mia Goth, Ivo Nandi"
149,The Wild Life,2016,5.3,36.0,6383,7965609,"Animation, Adventure, Comedy","Directors:Vincent Kesteloot, Mimi Maynard| Stars:Matthias Schweighöfer, Kaya Yanar, Ilka Bessin, Dieter Hallervorden"
150,Loving,2016,7.0,79.0,35027,7696098,"Biography, Drama, Romance","Director:Jeff Nichols| Stars:Ruth Negga, Joel Edgerton, Will Dalton, Dean Mumford"
151,Gold,2016,6.7,49.0,65486,7222964,"Crime, Drama","Director:Stephen Gaghan| Stars:Matthew McConaughey, Edgar Ramírez, Bryce Dallas Howard, Corey Stoll"
152,Silence,2016,7.1,79.0,115140,7100177,"Drama, History","Director:Martin Scorsese| Stars:Andrew Garfield, Adam Driver, Liam Neeson, Tadanobu Asano"
153,Birth of the Dragon,2016,5.6,35.0,8477,6901965,"Action, Biography, Drama","Director:George Nolfi| Stars:Billy Magnussen, Yu Xia, Philip Ng, Jingjing Qu"
154,Shut In,2016,4.8,25.0,14208,6883951,"Drama, Horror, Mystery","Director:Farren Blackburn| Stars:Naomi Watts, Charlie Heaton, Jacob Tremblay, Oliver Platt"
155,The Brothers Grimsby,2016,6.2,44.0,104973,6864016,"Action, Adventure, Comedy","Director:Louis Leterrier| Stars:Sacha Baron Cohen, Mark Strong, Rebel Wilson, Freddie Crowder"
156,The Young Messiah,2016,5.7,33.0,3698,6462576,"Drama, Fantasy","Director:Cyrus Nowrasteh| Stars:Adam Greaves-Neal, Vincent Walsh, Sara Lazzaro, Sean Bean"
157,Southside with You,2016,6.3,74.0,9953,6303853,"Biography, Drama, History","Director:Richard Tanne| Stars:Tika Sumpter, Parker Sawyers, Vanessa Bell Calloway, Phillip Edward Van Lear"
158,Sultan,2016,7.0,,47889,6200000,"Action, Drama, Sport","Director:Ali Abbas Zafar| Stars:Salman Khan, Anushka Sharma, Randeep Hooda, Amit Sadh"
159,Maudie,2016,7.6,65.0,19268,6170998,"Biography, Drama, Romance","Director:Aisling Walsh| Stars:Sally Hawkins, Ethan Hawke, Zachary Bennett, Gabrielle Rose"
160,Lowriders,2016,5.7,57.0,2609,6155650,"Adventure, Crime, Drama","Director:Ricardo de Montreuil| Stars:Gabriel Chavarria, Demián Bichir, Theo Rossi, Tony Revolori"
161,Captain Fantastic,2016,7.8,72.0,222248,5875006,"Comedy, Drama","Director:Matt Ross| Stars:Viggo Mortensen, George MacKay, Samantha Isler, Annalise Basso"
162,20th Century Women,2016,7.3,83.0,46470,5663855,"Comedy, Drama","Director:Mike Mills| Stars:Annette Bening, Elle Fanning, Greta Gerwig, Billy Crudup"
163,Paris Can Wait,2016,5.8,48.0,9049,5617731,"Comedy, Drama, Romance","Director:Eleanor Coppola| Stars:Diane Lane, Arnaud Viard, Alec Baldwin, Elise Tielrooy"
164,Hunt for the Wilderpeople,2016,7.8,81.0,133073,5202582,"Adventure, Comedy, Drama","Director:Taika Waititi| Stars:Sam Neill, Julian Dennison, Rima Te Wiata, Rachel House"
165,Your Name.,2016,8.4,79.0,274682,5017246,"Animation, Drama, Fantasy","Director:Makoto Shinkai| Stars:Ryûnosuke Kamiki, Mone Kamishiraishi, Ryô Narita, Aoi Yûki"
166,Bleed for This,2016,6.8,62.0,28207,4847865,"Biography, Drama, Sport","Director:Ben Younger| Stars:Miles Teller, Aaron Eckhart, Katey Sagal, Ciarán Hinds"
167,Incarnate,2016,5.3,30.0,13460,4790573,"Horror, Thriller","Director:Brad Peyton| Stars:Aaron Eckhart, Carice van Houten, Catalina Sandino Moreno, David Mazouz"
168,Absolutely Fabulous: The Movie,2016,5.4,59.0,12773,4750497,"Comedy, Crime","Director:Mandie Fletcher| Stars:Jennifer Saunders, Joanna Lumley, Jane Horrocks, Julia Sawalha"
169,Hands of Stone,2016,6.6,54.0,16830,4711736,"Biography, Drama, Sport","Director:Jonathan Jakubowicz| Stars:Edgar Ramírez, Usher, Robert De Niro, Rubén Blades"
170,Don't Think Twice,2016,6.7,83.0,17843,4417983,"Comedy, Drama","Director:Mike Birbiglia| Stars:Keegan-Michael Key, Gillian Jacobs, Mike Birbiglia, Chris Gethard"
171,Ae Dil Hai Mushkil,2016,5.8,40.0,23990,4237741,"Drama, Music, Musical","Director:Karan Johar| Stars:Ranbir Kapoor, Aishwarya Rai Bachchan, Anushka Sharma, Fawad Khan"
172,Swiss Army Man,2016,6.9,64.0,125073,4208879,"Comedy, Drama, Fantasy","Directors:Dan Kwan, Daniel Scheinert| Stars:Paul Dano, Daniel Radcliffe, Mary Elizabeth Winstead, Antonia Ribero"
173,A Hologram for the King,2016,6.1,58.0,45522,4198126,"Comedy, Drama, Romance","Director:Tom Tykwer| Stars:Tom Hanks, Omar Elba, Sarita Choudhury, Ben Whishaw"
174,Denial,I2016,6.7,63.0,22131,4072226,"Biography, Drama","Director:Mick Jackson| Stars:Rachel Weisz, Tom Wilkinson, Timothy Spall, Andrew Scott"
175,Morgan,2016,5.8,48.0,44219,3912052,"Action, Horror, Sci-Fi","Director:Luke Scott| Stars:Kate Mara, Anya Taylor-Joy, Rose Leslie, Michael Yare"
176,A United Kingdom,2016,6.9,65.0,16477,3901302,"Biography, Drama, History","Director:Amma Asante| Stars:David Oyelowo, Rosamund Pike, Tom Felton, Jack Davenport"
177,Sleight,2016,5.9,62.0,8966,3847290,"Crime, Drama, Sci-Fi","Director:J.D. Dillard| Stars:Jacob Latimore, Seychelle Gabriel, Storm Reid, Donzaleigh Abernathy"
178,Max Steel,2016,4.6,22.0,19873,3818664,"Action, Adventure, Fantasy","Director:Stewart Hendler| Stars:Ben Winchell, Josh Brener, Maria Bello, Andy Garcia"
179,Norman,2016,6.1,75.0,6332,3810812,"Drama, Thriller","Director:Joseph Cedar| Stars:Richard Gere, Lior Ashkenazi, Michael Sheen, Steve Buscemi"
180,Batman: The Killing Joke,2016,6.4,,58289,3775000,"Animation, Action, Crime","Director:Sam Liu| Stars:Kevin Conroy, Mark Hamill, Tara Strong, Ray Wise"
181,Friend Request,2016,5.2,31.0,26840,3759046,"Horror, Mystery, Thriller","Director:Simon Verhoeven| Stars:Alycia Debnam-Carey, William Moseley, Connor Paolo, Brit Morgan"
182,A Monster Calls,2016,7.4,76.0,89835,3740823,"Adventure, Drama, Family","Director:J.A. Bayona| Stars:Lewis MacDougall, Sigourney Weaver, Felicity Jones, Toby Kebbell"
183,Midnight Special,2016,6.6,76.0,81757,3707794,"Drama, Mystery, Sci-Fi","Director:Jeff Nichols| Stars:Michael Shannon, Joel Edgerton, Kirsten Dunst, Adam Driver"
184,Rules Don't Apply,2016,5.7,60.0,11184,3647836,"Comedy, Drama, Romance","Director:Warren Beatty| Stars:Lily Collins, Haley Bennett, Taissa Farmiga, Steve Tom"
185,Their Finest,2016,6.7,76.0,20516,3595841,"Comedy, Drama, Romance","Director:Lone Scherfig| Stars:Gemma Arterton, Sam Claflin, Bill Nighy, Richard E. Grant"
186,Miss Sloane,2016,7.5,64.0,77028,3439171,Drama,"Director:John Madden| Stars:Jessica Chastain, Mark Strong, Gugu Mbatha-Raw, Michael Stuhlbarg"
187,Indignation,2016,6.8,78.0,12317,3399841,"Drama, Romance","Director:James Schamus| Stars:Logan Lerman, Sarah Gadon, Tijuana Ricks, Sue Dahlman"
188,Everybody Wants Some!!,2016,6.9,84.0,56300,3369431,Comedy,"Director:Richard Linklater| Stars:Blake Jenner, Tyler Hoechlin, Ryan Guzman, Zoey Deutch"
189,Sing Street,2016,7.9,79.0,96124,3237118,"Comedy, Drama, Music","Director:John Carney| Stars:Ferdia Walsh-Peelo, Aidan Gillen, Maria Doyle Kennedy, Jack Reynor"
190,The Mermaid,2016,6.2,69.0,9553,3232685,"Comedy, Drama, Fantasy","Director:Stephen Chow| Stars:Chao Deng, Show Lo, Yuqi Zhang, Yun Lin"
191,Our Kind of Traitor,2016,6.2,57.0,22700,3152725,"Crime, Drama, Thriller","Director:Susanna White| Stars:Carlos Acosta, Radivoje Bukvic, Stellan Skarsgård, Mariya Fomina"
192,Compadres,2016,4.8,28.0,1091,3105269,"Action, Comedy, Crime","Director:Enrique Begné| Stars:Omar Chaparro, Joey Morgan, Eric Roberts, Kevin Pollak"
193,Passage to Mars,2016,4.5,43.0,761,3053000,Adventure,"Director:Jean-Christophe Jeauffre| Stars:Zachary Quinto, Charlotte Rampling, Pascal Lee, Buzz Aldrin"
194,Colossal,2016,6.2,70.0,66292,3021345,"Comedy, Drama, Fantasy","Director:Nacho Vigalondo| Stars:Anne Hathaway, Jason Sudeikis, Austin Stowell, Tim Blake Nelson"
195,The Other Side of the Door,2016,5.3,41.0,18526,2987063,"Horror, Thriller","Director:Johannes Roberts| Stars:Sarah Wayne Callies, Jeremy Sisto, Sofia Rosinsky, Logan Creran"
196,Anthropoid,2016,7.2,59.0,50078,2959288,"Action, Biography, Drama","Director:Sean Ellis| Stars:Jamie Dornan, Cillian Murphy, Brian Caspe, Karel Hermánek Jr."
197,Kapoor & Sons,2016,7.7,,27014,2607036,"Comedy, Drama, Family","Director:Shakun Batra| Stars:Rishi Kapoor, Rajat Kapoor, Ratna Pathak Shah, Fawad Khan"
198,LBJ,2016,6.5,54.0,7144,2470979,"Biography, Drama, History","Director:Rob Reiner| Stars:Woody Harrelson, Michael Stahl-David, Richard Jenkins, Jennifer Jason Leigh"
199,The Disappointments Room,2016,3.9,31.0,10086,2411580,"Drama, Horror, Thriller","Director:D.J. Caruso| Stars:Kate Beckinsale, Mel Raido, Duncan Joiner, Lucas Till"
